	H1	H3	H5	Cal_N1	N2	Vie_N1
sasa_dead_vs_all	0.689_0.491129	1.07_0.28458	1.066_0.286577			2.413_0.015842
sasa_live_vs_all	-0.259_0.79573	0.696_0.486581	-0.049_0.960636	-1.384_0.166486		0.697_0.485995
conservation_dead_vs_all	2.838_0.00454	1.498_0.134226	0.82_0.412332		-0.808_0.418845	4.997_1e-06
conservation_live_vs_all	1.292_0.196284	3.641_0.000272	2.249_0.024533	0.843_0.399032	-1.128_0.259144	1.983_0.047414
